Target,Ligand,dG_experiment,Score,dG_int,dG_conf(L),dG_H+,-TS,E_crest_xtb_Eh,E_020_xtb_Eh,Delta_xtb_kcal,E_crest_pm6_kcal,E_020_pm6_kcal,Delta_pm6_kcal,S_conf_crest,Minus_TS_kcal,GFN2_S_conf,Minus_TS_gfn2_kcal,Delta_gfn2_xtb_kcal,GFN2_crest_xtb_energy,Charge,No_solvent_gfn2_ts,High_temp_ts,001_protonated_sconf,001_protonated_ts,001_protonated_no_solvent,Delta_gfn2_xtb_protonated,Delta_pm6_on_gfn2,Partially_opt_energy,TS_nrb
001-CA2,5NXG,-11.7,-46.41,-59.54,11.49,0.0,1.64,-7.792157981974,-7.792196116448,0.0239297256452144,-184.36372709521288,-184.57791228844832,0.214185193235437,3.933848,1.1728767811999998,3.4059756,2.53872906285,-1.1688108480887018,-43649.51419825883,-1.0,1.9340471719,2.603720098,7.947486,1.782495738,5.97852,-0.5434339661704289,1.104283288448329,1.7331349543998726,5
001-CA2,5NXO,-11.3,-47.03,-59.67,10.98,0.0,1.67,-7.446422806876,-7.446330877223,-0.0576866846245025,-140.99147962365566,-140.89731445977063,-0.0941651638850373,8.045824,2.3988624256,3.5284612000000006,2.63002676695,-0.0153573590821363,-37035.01375266183,-1.0,,2.7444835704499995,9.285982,2.1406555811,7.179794,-0.0101337049623331,1.0002954597706264,1.565443367554508,4
001-CA2,5NXP,-10.9,-44.06,-57.76,11.56,0.0,2.14,-8.607972063709,-8.607921489489,-0.0317357782176242,-164.3736129858338,-165.47511625364425,1.1015032678104433,10.351691,3.08635667165,4.128414800000001,3.07721718155,-0.0497088658942664,-40671.60112391105,-1.0,1.7508620229999998,3.5368824903,8.97035,2.49691948835,8.374709,-0.041253148240078,2.351201253644234,1.609327836335865,6
001-CA2,5NXV,-11.5,-41.73,-54.72,10.91,0.0,2.09,-8.133787634924,-8.133818462625,0.0193446598267687,-164.9342762639122,-165.08156164065758,0.1472853767453728,7.671135,2.28714890025,2.1233304,1.5826773969,-10.46197845827469,-46638.0954795427,-1.0,1.5385362894,1.2100307434499995,6.627914,2.0455731609,6.860886,-2.677078245069935,3.506686640657591,0.7066445045247463,6
001-CA2,5NXW,-9.9,-40.39,-55.12,12.93,0.0,1.8,-7.236664717936,-7.226539638338,-6.353578573461186,-130.2416784112907,-126.70292892941424,-3.538749481876465,8.041271,2.3975049486499995,1.7388428000000002,1.29608995205,-11.71553389731914,-39786.331736660446,-1.0,0.73641350545,-0.4731121719,8.144041,1.2830694433999996,4.303436,-4.525364054966737,-1.6590750705857715,2.1561415325283946,6
001-CA2,5NY1,-8.8,-32.47,-50.92,15.52,0.0,2.93,-9.908349959233,-9.907880446299,-0.294623591701402,-197.3250626821067,-198.3185473505756,0.9934846684689091,14.362599,4.282208891849999,4.5026104,3.3561332268999995,-1.4845677719820811,-47749.27460848308,-1.0,,4.190038502699999,12.28862,3.1104307933999995,10.432436,-0.8432147543945411,1.7863173505756151,5.675401132379761,5
001-CA2,5NY3,-10.2,-43.08,-56.06,10.98,0.0,2.0,-8.564945616345,-8.561576837943,-2.113938766259925,-189.39039848540784,-189.11322824884135,-0.2771702365664623,11.679155,3.4821400632499997,2.1050152,1.5690257047,-10.464164480620925,-43236.56873740696,-1.0,0.56083535565,1.5072883805,4.548202,2.3692453972,7.946488,-6.951143185968272,2.366837248841392,1.2175317472083975,7
001-CA2,5NY6,-10.7,-41.53,-61.93,18.13,0.0,2.28,-8.332578551023,-8.326034476312,-4.106465777824859,-231.48203762430416,-224.89178113624484,-6.590256488059339,8.572148,2.5557859262,1.8462356,1.37613786035,-11.51731933067332,-43627.76115638627,-1.0,0.0379518116499999,0.4857361410499999,6.473239,0.6710479938999999,2.250706,-10.661105182663382,-10.74306686375516,4.864340502751929,5
001-CA2,5NYA,-8.7,-40.08,-50.94,9.84,0.0,1.01,-4.295685945515,-4.295575452425,-0.0693354084129472,-142.4728860445611,-142.34429121148816,-0.1285948330729525,1.377425,0.4106792637499999,1.136472,0.847097817,-0.0334321647142772,-19136.78163212077,-1.0,0.63783438205,1.2302101317499998,2.41442,0.6944825839,2.329306,-0.0771393431425854,0.7774812114881513,0.897158458443414,1
002-HIV-PR,1HSG,-13.62,-43.06,-58.0,11.94,0.0,3.0,-15.407808442809,-15.380750104166,-16.97935102353036,-67.18418721931482,-52.9731664670744,-14.211020752240422,6.73398,2.007736137,,,,,1.0,,,,,,,,5.15541414872483,14
002-HIV-PR,1HXW,-14.86,-55.63,-67.81,8.39,0.0,3.8,-17.593782231518,-17.568808026053,-15.671538697136658,-166.7777452349165,-159.27039153784233,-7.507353697074166,12.89879,3.8457742385,,,,,0.0,,,,,,,,3.464817592587764,22
002-HIV-PR,1IZH,-14.66,-48.23,-61.92,10.55,0.0,3.14,-18.081807073568,-18.048244138231,-21.06104399038703,-341.45244110548043,-329.7246806931289,-11.727760412351529,6.95814,2.074569441,,,,,0.0,,,,,,,,2.8240498623733856,23
002-HIV-PR,1T3R,-15.48,-53.22,-64.07,7.75,0.0,3.11,-13.127213283262,-13.112675863481,-9.122361749355518,-304.27693936287164,-304.7651743462708,0.4882349833991384,10.816086,3.2248160408999995,,,,,0.0,,,,,,,,3.4171697550730755,13
002-HIV-PR,2Q54,-12.37,-41.19,-56.27,11.79,0.0,3.29,-17.051231425453,-17.028652380576,-14.16855387172266,-300.005882684516,-293.5469091773519,-6.458973507164103,5.911312,1.7624576727999997,,,,,0.0,,,,,,,,7.188431356007129,18
002-HIV-PR,2Q55,-11.93,-43.02,-59.39,13.57,0.0,2.81,-17.158190961207,-17.143293830481,-9.348083604742763,-251.7616460825264,-251.1534399810296,-0.608206101496819,11.813809,3.5222871533499998,,,,,0.0,,,,,,,,7.619095993161693,16
002-HIV-PR,2Q5K,-14.75,-49.69,-63.28,10.28,0.0,3.32,-16.914305909624,-16.901577979715,-7.986890569267491,-215.52464102044763,-213.45388480373165,-2.0707562167160063,12.494712,3.7252983828,,,,,0.0,,,,,,,,5.3414970093227225,17
002-HIV-PR,3EKX,-13.94,-35.27,-56.0,17.44,0.0,3.29,-13.544989804951,-13.52829238604,-10.477780643422047,-102.02014870046122,-97.9227090080434,-4.097439692417822,6.118548,1.8242450862,,,,,1.0,,,,,,,,10.77817222706942,12
002-HIV-PR,3EL1,-14.58,-59.7,-74.48,10.7,0.0,4.08,-18.378741338729,-18.355589258764,-14.528138546758033,-287.2586861449983,-268.5248265039927,-18.73385964100561,11.784453,3.51353466195,,,,,0.0,,,,,,,,4.1284132394698645,22
002-HIV-PR,3NU3,-13.38,-48.18,-57.09,5.8,0.0,3.11,-12.263317979619,-12.248429507658,-9.342650151774636,-262.63346493854004,-256.3353862702475,-6.298078668292533,12.069458,3.5985089026999995,,,,,0.0,,,,,,,,1.7631629569166307,13
002-HIV-PR,3OXC,-14.27,-49.44,-71.5,19.08,0.0,2.97,-16.719889121937,-16.704268888426,-9.801837110254692,-125.70492366076309,-128.4967827977089,2.791859136945831,11.102636,3.3102509234,,,,,1.0,,,,,,,,9.67350196640244,16
002-HIV-PR,model13a,-12.45,-39.61,-55.3,12.65,0.0,3.04,-16.128455921393,-16.107225479711,-13.322293229430382,-259.22272362673687,-254.65205467997225,-4.570668946764613,5.326479,1.58808971385,,,,,0.0,,,,,,,,7.383687120612251,17
002-HIV-PR,model13c,-11.9,-40.94,-54.77,10.79,0.0,3.04,-16.067658525669,-16.049136285633,-11.6228723227497,-349.946611847836,-345.98654704858046,-3.96006479925552,6.610676,1.9709730494,,,,,0.0,,,,,,,,6.664718203301504,17
002-HIV-PR,model13d,-11.78,-40.04,-54.44,11.33,0.0,3.08,-16.556671197408,-16.541655627903,-9.422405004512797,-414.716058494678,-417.5178539085956,2.801795413917546,10.803304,3.2210050876,,,,,0.0,,,,,,,,5.527019293054536,18
002-HIV-PR,model16a,-11.11,-33.56,-48.64,12.25,0.0,2.83,-16.717444066839,-16.703115958031,-8.991017230000287,-211.8345441053409,-209.01365028211168,-2.820893823229284,8.399311,2.50425457465,,,,,0.0,,,,,,,,7.352336216060337,16
002-HIV-PR,model16e,-10.23,-35.74,-50.0,11.12,0.0,3.14,-17.645659196614,-17.62623247488,-12.190442728582736,-260.1593270545981,-249.3483722782224,-10.810954776375752,6.77819,2.0209173485,,,,,0.0,,,,,,,,5.461998958103948,17
002-HIV-PR,model16f,-10.16,-31.93,-48.96,13.89,0.0,3.14,-17.643674173323,-17.628827814709,-9.3162236475132,-258.5288225237864,-252.19655316102885,-6.3322693627575575,11.412891,3.40275345165,,,,,0.0,,,,,,,,6.959679603460245,17
002-HIV-PR,model22a,-11.17,-32.96,-45.99,10.2,0.0,2.83,-16.71918703582,-16.704097425912,-9.468866023758762,-211.4174183744772,-206.1757448617827,-5.241673512694462,8.25831,2.4622151265,,,,,0.0,,,,,,,,5.857052777607521,16
002-HIV-PR,model22d,-10.52,-36.74,-49.37,9.76,0.0,2.87,-17.156827291362,-17.140047508392,-10.529464831720366,-377.6021621624252,-369.0376486502695,-8.564513512155713,7.64563,2.2795445845,,,,,0.0,,,,,,,,4.088743192450181,17
002-HIV-PR,model23a,-8.49,-26.23,-41.4,13.41,0.0,1.75,-16.258091042323,-16.242530158869,-9.764594415336347,-243.64649022715025,-240.69753667853868,-2.94895354861157,6.267741,1.86872697915,,,,,0.0,,,,,,,,7.374903852724259,15
002-HIV-PR,model25d,-10.14,-39.63,-48.5,6.94,0.0,1.93,-16.116281027064,-16.099289825786,-10.662131722758469,-370.6092036616767,-363.21029190761294,-7.398911754063761,7.289379,2.17332834885,,,,,0.0,,,,,,,,2.1306757832112453,17
003-CK2,1F0Q,-7.85,-8.1,-10.52,1.26,0.0,1.16,-6.190213071843,-6.179367763422,-6.805528641953052,-182.2320011056941,-176.26301946263433,-5.968981643059777,0.0,0.0,0.5479488,0.4084273368,-5.172198329159751,-36146.09638011526,0.0,,,,,,,-5.52504753736568,0.1364994076010361,0
003-CK2,1J91,-8.78,-26.61,-27.98,0.85,0.0,0.52,-2.813783279259,-2.813787670433,0.0027555012055494,86.11613979422262,86.12351015202779,-0.007370357805172,0.0,0.0,,0.0,0.0028529313867916,-24122.258506925587,0.0,,,,,,,-0.0001371520277899,0.0517167033633256,0
003-CK2,1M2P,-8.38,-16.59,-18.99,1.4,0.0,1.01,-6.012397575007,-6.001672888447,-6.729837338579407,-126.5560930937652,-121.397366873087,-5.15872622067819,0.0,0.0,1.1077256,0.8256709690999999,-4.300909418864779,-38152.744498577325,0.0,,,,,,,-5.407316126912988,-0.0085891497961512,1
003-CK2,1M2Q,-8.37,-12.44,-15.57,2.13,0.0,1.01,-5.725221910073,-5.714602249143,-6.663932810523786,-145.02201354111284,-139.7117458434951,-5.310267697617746,0.0,0.0,0.0006964,0.0005190791499999,-0.021018426504237,-36824.48512381715,0.0,,,,,,,-0.0284611565049033,0.2278111808002734,1
003-CK2,1M2R,-8.86,-30.2,-33.16,2.45,0.0,0.51,-6.308446219334,-6.308435929651,-0.0064568686895688,-134.6516853815958,-134.6471309114449,-0.0045544701509072,0.001066,0.0003178279,,0.0,-0.0162079512971782,-35923.47711551887,0.0,,,,,,,-0.0283960885550982,0.2516881577138861,0
003-CK2,1ZOE,-10.09,-29.96,-32.14,0.14,0.0,2.04,-4.254208252397,-4.254218968966,0.0067247434961904,60.77395682951661,61.48811282980774,-0.7141560002911334,,,0.1775808,0.1323642888,0.0102088090043675,-30125.59227332445,0.0,,,,,,,-0.5906298298077388,-0.5983330147468635,1
003-CK2,1ZOG,-9.82,-35.55,-37.86,0.64,0.0,1.66,-3.539054889095,-3.53899301089,-0.0388291305412955,64.54032090355518,62.9579840228232,1.5823368807319866,3.6914,1.10059091,0.030254,0.0225505752499999,-3.0133541930590604,-28005.964606640613,0.0,,,,,,,1.861256977176808,0.0365447439239545,1
003-CK2,1ZOH,-9.61,-37.62,-38.14,-0.63,0.0,1.16,-4.492686309527,-4.492687433659,0.000705402947144,71.25191292237157,72.47543460899583,-1.2235216866242524,,,,0.0,-0.0014914602552801,-31477.126046227448,0.0,,,,,,,-1.19803860899583,-1.221017550428286,0
003-CK2,2OXD,-9.37,-30.4,-31.88,0.96,0.0,0.52,-3.219210944044,-3.219260104898,0.0308488783324609,-8.545417319722912,-8.543056376804982,-0.0023609429179298,0.0,0.0,,0.0,0.0091255508880426,-26552.351814856105,0.0,,,,,,,-0.0155806231950172,0.1656617244657834,0
003-CK2,2OXX,-9.2,-26.67,-28.52,1.33,0.0,0.52,-3.154699232425,-3.154731814833,0.020445754261723,46.15594402366354,46.16085060385645,-0.0049065801929089,0.0,0.0,,0.0,0.0130656083616369,-26025.917992444138,0.0,,,,,,,-0.0062656038564554,0.0729273829327965,0
003-CK2,2OXY,-8.95,-30.65,-31.77,0.61,0.0,0.52,-3.013342509311,-3.013351268253,0.0054963149355672,53.61610127801236,53.62547586583544,-0.0093745878230819,0.0,0.0,,0.0,-0.0052765424575906,-23979.967322870045,0.0,,,,,,,-0.0080668658354383,0.0553534382952491,0
003-CK2,3KXG,-10.05,-37.73,-38.67,0.42,0.0,0.52,-2.940039070205,-2.940036624345,-0.001534799162935,64.84781669720716,64.84107741190675,0.0067392853004122,,,,0.0,-0.0175318020131429,-26205.41363747002,0.0,,,,,,,0.0087245880932442,0.0676149291822696,0
003-CK2,3KXH,-9.06,-28.44,-32.85,1.88,0.0,2.53,-6.466912881735,-6.466914819175,0.0012157610366739,-128.2339415599755,-124.25353626482556,-3.98040529514995,0.0,0.0,,,,,-1.0,,,,,,,,-1.5216368603164057,3
003-CK2,3KXM,-9.0,-23.54,-31.21,5.08,0.0,2.59,-5.257656717582,-5.256383207527,-0.7991390211031929,17.300669873490328,16.438520415607805,0.8621494578825235,8.200321,2.4449257061500003,,,,,0.0,,,,,,,,3.5590349812655617,4
003-CK2,3KXN,-10.49,-39.11,-40.14,0.51,0.0,0.52,-2.931639861888,-2.931634537954,-0.0033408165006087,113.42317863601257,113.41498635307887,0.0081922829336775,0.0,0.0,,0.0,-0.014942399298814,-23298.30052744637,0.0,,,,,,,0.0045386469211052,0.1326455975401472,0
003-CK2,3PVG,-8.06,-16.28,-38.92,5.38,15.96,1.3,-4.074478582772,-4.074514528093,0.0225560124357634,-33.99124842157753,-34.120926033496666,0.1296776119191349,,,,,,,0.0,,,,,,,,3.887503183436234,2
004-AR,1US0,-9.56,-29.26,-37.43,6.28,0.0,1.9,-8.048284182815,-8.048260082108,-0.0151234105487842,-279.2247936749074,-279.13965966031344,-0.0851340145939616,8.644582,2.5773821233,2.7332084,2.03726521115,-0.6456729771671834,-45281.3273474102,-1.0,,,,,,,-1.0244673396865664,3.085280229066996,7
004-AR,2IKG,-8.46,-25.43,-31.53,4.55,0.0,1.55,-7.272863830402,-7.272732799228,-0.0822232409655216,-174.92416722432517,-174.80210637227114,-0.1220608520540054,11.766387,3.50814828405,2.6963956,2.00982587035,-0.4208088381081989,-37742.6928786697,-1.0,,,,,,,2.4418423722711395,2.4999544420608686,6
004-AR,2IKH,-7.48,-20.34,-26.28,4.15,0.0,1.8,-5.762921920645,-5.759596761816,-2.086567091626945,-182.94196951355735,-180.9484734424205,-1.9934960711368603,7.51265,2.2398965975,1.1805808000000002,0.8799754138,-2.308068738772554,-35037.37836837482,-1.0,,,,,,,-0.2461845575794825,0.7968066829267002,5
004-AR,2IKI,-10.21,-35.64,-41.83,4.36,0.0,1.84,-8.065403131461,-8.06363522638,-1.1093763494729494,-294.5878444305877,-294.81000329880214,0.2221588682144215,9.620447,2.86833627305,2.0431192,1.5228899737,-2.989267177895421,-45689.63903356164,-1.0,,,,,,,-0.7977077011978508,1.5102088864206848,7
004-AR,2IKJ,-10.09,-35.06,-40.95,3.97,0.0,1.92,-8.616103917312,-8.616132832471,0.0181445225086859,-261.0382822156043,-261.1115218369001,0.0732396212958406,10.622297,3.16703785055,2.4556084,1.83034911115,-4.258570693871626,-47357.287802485975,-1.0,,,,,,,0.051353836900148,0.9961133149540728,8
004-AR,4LAU,-9.95,-31.41,-38.08,4.84,0.0,1.84,-8.087569363425,-8.085425594641,-1.345234205879209,-248.7126089210492,-248.9947570531112,0.2821481320620478,9.766417,2.91185722855,2.76623,2.06187868625,-1.814072870241017,-43036.01561011483,-1.0,,,,,,,-0.2830339468887928,1.8984781573001044,7
004-AR,4LAZ,-9.36,-31.56,-38.7,5.3,0.0,1.84,-8.062887384613,-8.060830409223,-1.2907705700031922,-234.689062335854,-235.08462652259453,0.3955641867405575,10.089654,3.0082303400999995,2.4992736000000004,1.8628960596,-2.335526939996122,-42865.50656640571,-1.0,,,,,,,-0.4946734774054562,2.207024662538686,7
004-AR,4LB3,-10.73,-36.26,-43.03,4.94,0.0,1.84,-8.042040468786,-8.040382299603,-1.0405160858556988,-280.41630626754375,-280.7038168620988,0.2875105945550444,9.942051,2.96422250565,2.3953732,1.7854512989499998,-2.918978375606754,-45519.37464611803,-1.0,,,,,,,-0.8840541379012166,2.066983890107963,7
004-AR,4LB4,-10.46,-36.76,-43.49,4.89,0.0,1.84,-7.91019890042,-7.910113733651,-0.0534429140483166,-420.63244135209305,-419.8744933106738,-0.7579480414191835,9.35364,2.788787766,1.434126,1.06896166725,-4.615978689529047,-53629.52962366607,-1.0,,,,,,,2.5154613106738566,1.7420885376598108,7
004-AR,4LBR,-9.56,-36.38,-43.38,5.16,0.0,1.84,-8.007121468845,-8.007125157706,0.0023147934771066,-325.13319775768844,-324.33029975640443,-0.8028980012840066,9.329618,2.7816256067,1.5783476,1.1764608423499998,-2.5515897526584257,-48170.68216541359,-1.0,,,,,,,1.737640756404403,1.8283021132348267,7
004-AR,4LBS,-9.64,-35.35,-41.88,4.69,0.0,1.84,-8.029000688929,-8.028983785167,-0.0106072627893652,-339.4231639436143,-338.465775592946,-0.9573883506683956,9.207903,2.74533627945,1.69015,1.2597955562499998,-2.7761586801056706,-48340.93306158877,-1.0,,,,,,,1.8732375929459408,1.527828561673516,7
004-AR,4QXI,-9.59,-30.45,-36.53,4.55,0.0,1.53,-8.481855688521,-8.480281613938,-0.987745967503166,-302.43811133512605,-302.74456102077016,0.306449685644111,10.896953,3.24892653695,3.687424800000001,2.7485142603,-1.4146253207770532,-45602.34289081416,-1.0,,,,,,,-0.7194579792298441,1.6235194268354007,7
004-AR,4XZH,-9.66,-29.61,-34.69,3.28,0.0,1.8,-7.762141814473,-7.760194564132,-1.2219171142304754,-273.1012489352883,-271.5117067020544,-1.5895422332339422,9.440844,2.8147876386,1.3117088,0.9777149468,-4.493693180641818,-44228.56404263482,-1.0,,,,,,,4.252643702054343,0.6202436110570488,5
004-AR,4XZI,-6.88,-26.26,-33.55,4.84,0.0,2.45,-7.74458487209,-7.731580047618,-8.160644399599983,-271.84741543386707,-272.1853303012869,0.3379148674198404,1.964173,0.5856181799499999,1.1634964,0.8672411291499998,-14.552133646290702,-48651.20354076939,-1.0,,,,,,,9.564406301286908,1.612292672082333,5
005-Cath-D,6QBG,-13.07,-55.16,-63.49,6.14,0.0,2.19,-14.760355714221,-14.737935977672,-14.068586462125731,-229.9819431361773,-216.996379798194,-12.985563337983336,13.645853,4.06851107195,,,-9.403897492523813,-73843.51777870975,0.0,,,,,,,-11.380345201805994,2.890563051235404,3
005-Cath-D,6QBH,-12.22,-53.95,-62.86,6.67,0.0,2.23,-13.528551197147,-13.512789676242,-9.89049622157477,-280.30141528020494,-271.05276766566675,-9.248647614538186,13.462104,4.0137263076,,,,,0.0,,,,,,,,2.9204541307203726,3
005-Cath-D,6QCB,-11.72,-55.33,-62.8,5.28,0.0,2.19,-13.369845548003,-13.349429579013,-12.811204284945408,-240.90906429975112,-230.68396845644253,-10.225095843308594,15.162658,4.520746482699999,4.0345276,3.00723600985,-10.710342429737487,-67821.94671908599,0.0,,,,,,,-5.692535543557483,1.206232092687543,3
005-Cath-D,model08,-10.25,-53.08,-59.72,5.04,0.0,1.6,-12.476774733377,-12.458381244585,-11.542079758379325,-230.2545282558408,-225.162077020036,-5.092451235804788,12.952546,3.8618015899,4.2608208,3.1759093038,-9.776221277342003,-63848.91047260425,0.0,,,,,,,-6.837514979964027,1.1386282979399596,2
005-Cath-D,model22,-9.65,-46.57,-57.88,9.12,0.0,2.19,-14.387117603724,-14.359724714985,-17.18928421972201,-230.67557341443825,-217.90785798556772,-12.767715428870474,14.267611,4.25388821965,5.8802716,4.38300744385,-11.964035476497624,-72679.09413290149,0.0,,,,,,,-8.557809014432252,4.27737265351962,3
005-Cath-D,model24,-8.95,-52.83,-59.25,4.23,0.0,2.19,-12.509503114015,-12.487531805165,-13.787194045154918,-220.8540166153234,-211.6024502215275,-9.251566393795883,13.770555,4.10569097325,5.382639600000001,4.01208499185,-10.009006792580273,-66705.93241924913,0.0,,,,,,,-4.441789778472497,0.7337904445124934,3
005-Cath-D,model25,-12.71,-57.81,-64.61,5.48,0.0,1.32,-14.527736641083,-14.505530861049,-13.934326823355084,-209.95393920067863,-197.62814911056395,-12.32579009011468,14.770512,4.4038281528,,,-11.43013990439977,-73360.10570537073,0.0,,,,,,,-13.63334688943604,1.1373037332317892,4
005-Cath-D,model31,-9.07,-48.5,-58.92,8.77,0.0,1.66,-13.076986842028,-13.054308385555,-14.2309355429162,-289.087345026204,-274.9732011747678,-14.11414385143621,11.269626,3.3600389919,3.8622196,2.87880193435,-14.415327164984344,-68389.49612242474,0.0,,,,,,,-11.951347825232231,3.60657126183753,3
005-Cath-D,model35,-8.75,-47.39,-58.65,9.02,0.0,2.23,-12.603054840443,-12.58418049856,-11.843819400659706,-378.8195272673855,-371.2614797882097,-7.558047479175798,11.716915,3.49339820725,4.7560932000000005,3.54507296895,-10.450931626680791,-72070.04550683152,0.0,,,,,,,-6.284316211790269,2.3838607129723077,3
005-Cath-D,model36,-8.24,-39.31,-45.68,4.19,0.0,2.19,-13.220221037032,-13.200281589089,-12.512183039263402,-196.38692068094957,-186.02581240259636,-10.361108278353214,12.689789,3.78346059035,,,-8.620078134150756,-65269.686982355546,0.0,,,,,,,-8.441574597403672,0.9490071204451452,3
006-BACE1-D3R,5QCO,-11.46,-40.36,-53.44,10.26,0.0,2.82,-14.422604846873,-14.409742984465,-8.070934417781757,-38.2485372421564,-27.23405102412583,-11.014486218030571,12.248933,3.65201937395,,,-12.54971535155614,-76651.20023660087,1.0,,,,,,,-7.612385975874172,3.4723015314931978,7
006-BACE1-D3R,5QCP,-10.67,-42.87,-52.08,6.23,0.0,2.98,-14.012119613606,-13.986697412237,-15.952660158860084,-131.86749458647972,-132.0266306566064,0.1591360701266921,13.340538,3.9774814047,,,-13.323278951949352,-78266.68977892914,1.0,,,,,,,-7.606548343393598,1.6626828290789604,9
006-BACE1-D3R,5QCR,-8.81,-36.37,-52.77,13.03,0.0,3.38,-13.465804884935,-13.439527457195,-16.48932240369978,-183.3522632737196,-178.95247412881648,-4.399789144903082,17.197645,5.12747785675,,,,,,,,,,,,,7.099974054509403,18
006-BACE1-D3R,5QCT,-11.12,-39.73,-53.37,10.36,0.0,3.28,-14.386856224174,-14.377622190272,-5.794439379810435,-261.1392866269958,-258.1208542831571,-3.018432343838697,12.69368,3.784620692,,,,,,,,,,,,,4.578483350171496,11
006-BACE1-D3R,5QCU,-9.45,-35.02,-47.01,9.03,0.0,2.96,-12.650154912428,-12.638194068225,-7.505537384980974,-277.8457737387443,-276.49622328514744,-1.349550453596862,10.668014,3.1806683741,,,,-66915.28433630751,,,,,,,,0.0098912851474324,6.000826105806993,8
006-BACE1-D3R,5QCV,-10.7,-36.91,-48.17,8.42,0.0,2.85,-12.786389034731,-12.769796285506,-10.412099473430237,-92.643165606328,-86.63040375965404,-6.012761846673953,12.570721,3.74796046615,,,-10.84348043445403,-69963.80550312818,1.0,,,,,,,-3.926660240345953,2.793904409419582,6
006-BACE1-D3R,5QCX,-10.95,-38.86,-52.24,10.43,0.0,2.95,-13.0367468605,-13.022119857231,-9.178576194325888,-51.85096437960964,-45.66211085209184,-6.1888535275178,13.952776,4.1600201644,,,-9.735565089709024,-69395.11613822273,1.0,,,,,,,-4.369116147908166,4.320057909611023,7
006-BACE1-D3R,5QCY,-12.35,-46.88,-64.69,14.7,0.0,3.11,-16.639058456047,-16.621926817775,-10.750257200423148,-36.114324438527255,-25.05673323307961,-11.057591205447649,15.548757,4.63586189955,,,,,1.0,,,,,,,-9.601559766920392,6.660913112242174,9
006-BACE1-D3R,5QCZ,-7.39,-32.61,-46.84,11.71,0.0,2.53,-12.048234379994,-12.030206089897,-11.312914290478316,-145.40966244602802,-147.5451882404918,2.135525794463774,11.202271,3.33995709865,,,-10.25709186704692,-71072.53852031125,1.0,,,,,,,-1.7864907595082116,6.250809836686074,6
006-BACE1-D3R,5QD0,-9.2,-29.52,-46.4,13.99,0.0,2.89,-11.833629485395,-11.809616589212,-15.068308470898536,-104.71668601436456,-97.21393357765076,-7.502752436713806,11.760957,3.50652932955,,,,,1.0,,,,,,,-8.121306422349235,1.7195874563320783,7
006-BACE1-D3R,5QD1,-8.99,-36.49,-48.65,9.07,0.0,3.09,-13.318518676646,-13.298497324678,-12.5635785520885,-92.10701000394909,-85.64438063048023,-6.462629373468857,14.168467,4.22432843605,,,,,1.0,,,,,,,-6.202175369519779,3.920420614056212,8
006-BACE1-D3R,5QD2,-10.22,-37.74,-46.03,5.4,0.0,2.9,-13.523900308269,-13.505200491619,-11.734303246225323,-96.00979626478367,-90.74647455323344,-5.263321711550262,14.349077,4.278177307549999,,,-12.790843128306207,-74368.46650739177,1.0,,,,,,,-7.152163446766579,0.956303677367444,8
006-BACE1-D3R,5QD3,-10.07,-38.8,-51.36,9.47,0.0,3.09,-13.608599127224,-13.590836911168,-11.145950435085084,-52.17742244313138,-50.40694385296166,-1.7704785901697235,16.168919,4.820763199849999,,,,,1.0,,,,,,,-4.605484147038339,3.7770187308275567,8
006-BACE1-D3R,5QD5,-10.72,-37.53,-48.76,8.53,0.0,2.7,-12.058513347986,-12.038560217389,-12.520769027793424,-42.59621072708898,-42.83162083845804,0.2354101113690632,12.434936,3.7074761684,,,-11.838729808818853,-68774.23488716877,1.0,,,,,,,-5.655818161541959,2.315173818031667,6
006-BACE1-D3R,5QD9,-11.57,-42.11,-55.39,10.13,0.0,3.14,-13.627632999489,-13.604599882199,-14.453488397530482,-93.1324200697208,-88.31678279918496,-4.815637270535831,12.643162,3.7695587503,,,-10.45287647097075,-73858.9530907446,1.0,,,,,,,-12.308679200815035,2.396865189195424,6
006-BACE1-D3R,5QDA,-11.54,-38.66,-48.28,6.79,0.0,2.82,-12.975184574203,-12.954244147678,-13.140306108276052,-11.184155302467154,-5.955108823930546,-5.229046478536608,14.108523,4.20645613245,,,-13.397283059948473,-69624.64119900508,1.0,,,,,,,-5.781665176069454,1.9257722119412448,7
007-JAK1,4E4L,-12.04,-22.11,-28.97,4.56,0.0,2.3,-7.896984842649,-7.887503969162,-5.949333440953881,-40.90534189956908,-37.88482239980061,-3.020519499768469,3.498618,1.0431129566999997,1.8623488,1.3881482367999998,-2.5997421533801512,-42617.69101610613,0.0,,,,,,,-2.967786600199389,1.2875624628844804,2
007-JAK1,4E4N,-12.42,-23.72,-30.9,4.1,0.0,3.07,-8.964954463145,-8.962568030492,-1.4975079676519922,-57.24052096981608,-59.12058665043622,1.8800656806201417,12.934317,3.85636661355,4.4854196,3.34331963435,-0.29472488295186,-45916.54480989242,0.0,,,,,,,-0.5579933495637732,1.896832041434081,5
007-JAK1,4E5W,-10.52,-12.87,-20.28,4.87,0.0,2.54,-9.137839173874,-9.133951370787,-2.439631427319299,96.59966438828694,90.54863003489484,6.051034353392112,9.801895,2.92243499425,3.0610544,2.2816334234,-0.8164377317551096,-50943.54745477151,1.0,,,,,,,-0.7133060348948277,0.408352783723771,3
007-JAK1,4EHZ,-10.98,-20.87,-24.19,1.69,0.0,1.63,-5.817127575715,-5.817168854446,0.0259027752108105,134.54904872982942,134.54568180920506,0.0033669206243587,1.825216,0.5441881503999999,0.4889884,0.3644797286499999,-0.0199155537089639,-33594.81489730417,1.0,,,,,,,0.0496071907949442,0.1795137713938857,1
007-JAK1,4EI4,-12.0,-29.17,-33.1,2.3,0.0,1.63,-7.202943595414,-7.202073360589,-0.5460801848010882,-10.55873985404099,-9.460311122575709,-1.0984287314652814,3.057296,0.9115328024,1.3425552,1.0007070822,-0.4736119000517046,-35869.80916478963,0.0,,,,,,,-2.7298758774242917,0.5247858112251187,1
007-JAK1,4FK6,-13.32,-28.06,-32.75,2.41,0.0,2.28,-8.574373074477,-8.574150335136,-0.1397709411315202,-32.574980606982045,-30.07365023945157,-2.501330367530471,9.004664,2.6847405716,2.0324308,1.5149231075499998,-2.213412388397576,-45950.14490678529,0.0,,,,,,,0.9686262394515736,-0.298636935060113,4
007-JAK1,4I5C,-12.11,-26.53,-29.64,1.74,0.0,1.38,-7.744387921753,-7.73757133374,-4.277470327449479,62.5671907099159,61.46008812893104,1.107102580984865,4.867511,1.45124840465,0.9541184,0.7111760023999999,-4.411273155347874,-40381.096690775164,0.0,,,,,,,-0.2123791289310332,0.2313355675957069,3
007-JAK1,4IVB,-11.97,-40.95,-42.73,0.01,0.0,1.77,-8.16542860835,-8.162811453831,-1.642288015062696,15.213190371066846,17.91861139279118,-2.7054210217243355,4.612341,1.37516946915,1.5685464,1.1691552729,-5.541341288426408,-40693.7976588192,0.0,,,,,,,-3.2788963927911805,-2.241417427763841,2
007-JAK1,4IVC,-13.73,-39.76,-45.6,3.86,0.0,1.98,-8.617757429122,-8.61767681089,-0.0505886661437441,10.48495194167303,9.619799378449407,0.8651525632236226,6.439351,1.91989250065,2.327744,1.7350421839999997,-0.0186640836446337,-42681.41271302166,0.0,,,,,,,0.2099176215505931,1.458130402344013,3
007-JAK1,4IVD,-13.07,-44.32,-50.58,4.13,0.0,2.14,-9.064058241693,-9.063068922774,-0.6208065255417982,7.481727992813154,6.764844471632248,0.7168835211809057,8.351374,2.4899621580999995,3.1197628,2.32539319705,-0.5349591678447646,-44666.82866462563,0.0,,,,,,,0.2449885283677524,1.4570228835387686,4
007-JAK1,4K6Z,-11.94,-20.58,-26.1,4.03,0.0,1.49,-8.094802322611,-8.087262275155,-4.731447639067459,52.23331940702521,52.65316269570516,-0.4198432886799494,4.214438,1.2565346897,1.5775156,1.1758406903499998,-5.798301853955347,-41722.89175810168,0.0,,,,,,,-2.7799236957051647,1.1845258242683343,3
007-JAK1,4K77,-9.1,-13.1,-16.39,2.01,0.0,1.28,-6.381272313175,-6.381286144562,0.008679319825092,-20.160858663831792,-20.502214464118342,0.3413558002865535,3.689332,1.0999743357999998,0.760738,0.56703508675,-0.0332389509307518,-32528.44404162649,0.0,,,,,,,-0.061702535881654,0.2824657852696184,2
008-Trypsin,1K1I,-8.98,-28.34,-56.13,11.08,15.08,1.64,-11.148678076559,-11.130285361811,-11.541594038802645,-86.68529654750127,-84.0908833776137,-2.5944131698875736,11.610727,3.46173825505,3.6042036,2.68648325835,-5.838166651699463,-66221.66646388613,1.0,,,,,,,0.8682553776136928,6.861425697428047,9
008-Trypsin,1K1J,-10.31,-35.66,-48.0,10.05,0.0,2.29,-11.590829898998,-11.578006434253,-8.046839538670666,-76.73956255951369,-79.20203184971415,2.46246929020046,10.219845,3.04704678675,4.4127096,3.2891234181,-4.9826352165502925,-68202.10276589988,1.0,,,,,,,0.3356528497141511,6.231699735374605,10
008-Trypsin,1K1L,-9.43,-32.8,-46.96,9.55,3.06,1.56,-10.374349348434,-10.356307151355,-11.32164104684601,22.861832424097337,19.120362354695448,3.741470069401888,8.085021,2.41054901115,3.1760056,2.3673151741,-4.810765517119831,-59919.4765523148,1.0,,,,,,,0.7571566453045513,5.952666628677086,8
008-Trypsin,1K1M,-10.1,-32.11,-45.51,11.18,0.0,2.22,-11.342321632048,-11.323393934182,-11.877300760195386,-27.849607232563848,-30.012303933184988,2.16269670062114,9.707731,2.89435999765,4.002606800000001,2.98344304355,-5.029213640219581,-65821.23455015948,1.0,,,,,,,-2.4145610668150117,6.27785247053232,9
008-Trypsin,1K1N,-9.31,-31.46,-46.91,12.23,0.0,3.23,-14.59497512169,-14.589681008462,-3.3221036975893288,-310.9966067699698,-313.41490667066216,2.418299900692375,12.371049,3.68842825935,,,,,0.0,,,,,,,,3.2715574937127485,14
008-Trypsin,2ZHD,-8.93,-30.64,-45.46,13.12,0.0,1.7,-8.634732165367,-8.62371364911,-6.914218117913681,100.14416478811157,105.01584489187742,-4.871680103765854,11.208445,3.3417978767499994,,,-3.4795988695097684,-54694.14618529134,2.0,,,,,,,-7.41474989187742,5.183575435965153,9
008-Trypsin,2ZQ2,-8.96,-42.25,-52.4,8.46,0.0,1.69,-9.081420608941,-9.069249975645,-7.6371819289395875,104.1594213779486,100.75784785434138,3.401573523607212,14.636885,4.36398726275,,,-4.249691886422602,-56676.629287374286,2.0,,,,,,,-3.370445854341384,4.689999819809756,9
008-Trypsin,3LJJ,-8.91,-38.29,-46.85,6.85,0.0,1.72,-7.736075211909,-7.728346332369,-4.849941471265937,107.737389430974,106.69837856569002,1.0390108652839842,12.240131,3.64939505765,5.0400828,3.75675171705,-2.3142844444568107,-50724.28981589179,2.0,,,,,,,-2.845851565690026,3.177298392231009,9
008-Trypsin,3LJO,-9.04,-33.44,-42.97,7.82,0.0,1.71,-8.18024036447,-8.17091169981,-5.853821032131896,103.10680201551676,101.3456589647867,1.7611430507300696,8.902143,2.65417393545,5.2414524,3.90684758265,-2.0047586039926517,-52713.925991248936,2.0,,,,,,,-3.722118964786688,3.6984050549939553,9
008-Trypsin,5MNG,-6.4,-22.32,-27.95,4.62,0.0,1.01,-2.286057667189,-2.285963371358,-0.0591714826149523,122.95084150794918,122.93357783931836,0.017263668630818,1.375159,0.41000365585,0.55097,0.4106792637499999,0.0046259913290178,-15746.605904293305,1.0,,,,,,,0.1409061606816379,2.6437184865556844,1
008-Trypsin,5MO2,-5.25,-23.04,-28.28,4.25,0.0,0.99,-2.49560503283,-2.495556417495,-0.0305065602504464,99.45883853332842,96.37851339028008,3.0803251430483414,9.858554,2.9393278751,1.1697704,0.8719176118999998,-0.0047163978037827,-17871.49838130892,1.0,,,,,,,-0.2443663902800779,3.3770771332188616,1
008-Trypsin,6SY3,-4.26,6.64,-11.12,4.25,11.69,1.82,-9.393278439115,-9.384973499811,-5.2114241577141565,161.8113987790415,159.51235127758991,2.2990475014515823,6.176739,1.84159473285,2.7156124,2.02414959265,-0.0117197038375344,-56597.36375472765,2.0,,,,,,,-0.0760552775899157,1.3564707567673508,9
008-Trypsin,6T0M,-5.69,-15.32,-35.24,6.32,12.06,1.55,-7.946061981815,-7.940248778709,-3.647837267843148,123.61265745110693,122.47521777677044,1.137439674336477,5.743738,1.7124954846999996,3.9348044,2.93290482965,0.0083057166508933,-51598.27188932655,2.0,,,,,,,-1.290369776770433,2.7373161312162324,8
008-Trypsin,6T0P,-6.04,-14.51,-33.6,6.58,10.96,1.55,-7.565901947242,-7.561264519465,-2.910027666917105,129.88204492698972,128.54956296984824,1.332481957141482,4.036746,1.2035558199,3.9829932,2.9688235564499994,-0.4149787931714762,-49430.60206661298,2.0,,,,,,,-2.3474179698482374,2.8268931867174274,8
008-Trypsin,6T5W,-5.96,-15.87,-33.06,4.02,11.41,1.75,-7.559771705249,-7.548605128006,-7.007127719177873,129.9002528105968,132.555827687594,-2.6555748769971785,6.078339,1.81225677285,4.5400368,3.3840299298,-0.8981495560335301,-49429.173011555205,2.0,,,,,,,-3.0337146875939998,0.7868210592894513,8
009-CDK2,3QQK,-7.04,-22.77,-26.28,1.9,0.0,1.61,-6.10617841242,-6.102477285793,-2.3224902685821123,23.045443745913595,23.913388000692184,-0.8679442547785889,6.673471,1.98969537865,2.6976252,2.01074238345,0.0110535496983363,-31715.357276971627,0.0,,,,,,,-0.5665740006921851,-0.5399348184379598,5
009-CDK2,3QTQ,-7.98,-23.69,-28.5,2.56,0.0,2.26,-5.95409160748,-5.95162957321,-1.5449486627332365,30.101776065842905,30.325594780607,-0.2238187147640964,4.574117,1.36377298355,2.912588,2.1709702805,-0.1411080391928078,-31887.33813185992,0.0,,,,,,,0.1305972193930031,0.0324131535249776,5
009-CDK2,3QTR,-8.69,-22.29,-27.31,3.51,0.0,1.52,-7.106703019012,-7.106628064953,-0.047034346609267,33.90569196733572,33.81494153877068,0.0907504285650375,4.754195,1.41746323925,1.100708,0.8204402255,0.0006369097138076,-35762.88308581134,0.0,,,,,,,2.686525461229316,1.564308313160197,4
009-CDK2,3QTS,-7.98,-18.75,-26.47,5.43,0.0,2.29,-7.69935089837,-7.699128200898,-0.1397446679567531,-5.610172865786044,-5.056626785668649,-0.5535460801173953,7.63601,2.2766763815,2.4941120000000003,1.859048732,-0.4762722633600575,-40303.42037935217,0.0,,,,,,,2.096632785668649,2.4487582633681635,5
009-CDK2,3QTU,-10.24,-36.46,-46.88,8.7,0.0,1.72,-8.808185157008,-8.804887564156,-2.069269192965834,-141.2842404794723,-142.89735647381627,1.6131159943439854,6.912367,2.06092222105,3.5982192,2.6820226362,-0.4434291219004104,-54364.01519172922,0.0,,,,,,,0.39904647381627,4.445499264152602,6
009-CDK2,3QTW,-8.91,-25.44,-30.4,3.47,0.0,1.48,-6.95516837221,-6.955180351907,0.0075173676846042,47.74927295161015,40.81871417465014,6.930558776960005,2.624771,0.7825754736499999,1.4223660000000002,1.06019605725,-0.0010122033898123,-35934.71945487111,0.0,,,,,,,2.634257825349863,1.500545029382771,4
009-CDK2,3QTX,-10.24,-32.33,-37.83,3.74,0.0,1.76,-8.418740907421,-8.412465425001,-3.937921697891488,-61.96170109388655,-62.20851808069608,0.2468169868095344,6.01714,1.794010291,3.0709304,2.2889947469,-0.2760119709502181,-51631.295244108784,0.0,,,,,,,-2.460026919303914,0.1950815064972246,6
009-CDK2,3QTZ,-10.44,-25.18,-31.43,4.65,0.0,1.61,-7.927101835678,-7.92711136667,0.0059807832589738,-102.10065902912324,-101.35559359631428,-0.7450654328089428,6.815963,2.03217936845,2.7682276000000003,2.06336764735,-0.3238001610620401,-47719.17025778927,0.0,,,,,,,-1.3970674036857105,1.4424353746638303,5
009-CDK2,3QU0,-10.98,-26.84,-33.48,5.03,0.0,1.61,-7.801499219046,-7.798948022486,-1.600898802168916,-47.67767397815238,-47.5517057110772,-0.1259682670751729,4.852902,1.4468927313,2.5472956,1.89869045785,-0.3201793268276477,-45235.47360569472,0.0,,,,,,,-0.5640792889227981,1.9690262676086403,5
009-CDK2,3QXP,-10.98,-26.83,-36.45,7.9,0.0,1.72,-8.413054981677,-8.413122075367,0.0421018943178043,-61.21879891508519,-61.8589980328715,0.6401991177863096,5.958618,1.7765619567,2.4280192,1.8097848112,-0.4085655853138558,-51631.98174556183,0.0,,,,,,,-0.5620629671285045,4.105443978126871,6
009-CDK2,3R8U,-7.69,-22.86,-29.15,4.0,0.0,2.29,-7.496887825948,-7.496894827952,0.0043938205278622,41.602477771138446,37.01222853009028,4.590249241048163,5.839947,1.74118019805,3.1462336000000004,2.3451238696,-0.2494488153049212,-37737.12995489321,0.0,,,,,,,0.9037314699097152,0.8189219771248872,5
009-CDK2,3R8V,-8.02,-18.03,-26.82,6.39,0.0,2.4,-6.57482846918,-6.574835777347,0.004585940566287,13.116619991028408,12.242300964111136,0.8743190269172718,2.029698,0.6051544586999998,3.394054,2.52984300025,-0.4418626485921869,-38283.16908059928,0.0,,,,,,,1.5140380358888643,2.32210917029782,6
009-CDK2,3R8Z,-6.33,-19.4,-23.51,2.47,0.0,1.65,-5.956054640221,-5.956062876787,0.0051685192940365,30.936661578830165,31.60771281037417,-0.6710512315440091,4.90565,1.4626195474999997,2.7162864,2.0246519754,-0.1336586514347883,-31886.992417042664,0.0,,,,,,,0.026406189625824,-0.1029024973318435,5
009-CDK2,3R9D,-6.11,-14.84,-21.85,5.5,0.0,1.51,-8.323559448938,-8.323465285833,-0.0590881958546021,-110.0130085040847,-111.37226725108344,1.3592587469987478,8.181339,2.43926622285,2.7109444000000003,2.02067018215,-0.4523529374308878,-49892.09700083513,0.0,,,,,,,-0.8486417489165632,1.7766976439303903,6
009-CDK2,3R9N,-8.45,-19.0,-26.6,5.98,0.0,1.62,-7.846155772346,-7.844959967304,-0.7503784261005229,-18.513828797547365,-20.58791380346726,2.074085005919894,4.923638,1.4679826697,2.2208132,1.65533863895,-0.2154367124141853,-44276.29561842384,0.0,,,,,,,0.7998338034672585,2.137947859923557,5
009-CDK2,3RAH,-7.17,-18.11,-25.7,6.1,0.0,1.49,-8.756636993848,-8.756614337626,-0.0142169832103259,4.2961313826661645,3.952435496523949,0.343695886142215,6.666649,1.98766139935,2.2068116,1.64490219635,-0.0711533641092191,-43730.223857999,0.0,,,,,,,0.3709425034760505,2.3476325175985586,4
009-CDK2,3RAK,-9.87,-23.96,-30.31,4.71,0.0,1.65,-7.961342309254,-7.961332084809,-0.0064159312574952,-54.49339334660856,-53.83733106777124,-0.6560622788373252,6.078273,1.81223709495,2.1062172,1.56992164545,-0.2932182369797527,-45063.82314319238,0.0,,,,,,,-1.479964932228761,1.5585136318617216,5
009-CDK2,3RAL,-10.02,-29.23,-39.83,8.2,0.0,2.4,-8.549324754795,-8.549151488794,-0.1087259750221254,-92.76126696410346,-92.6646904367419,-0.0965765273615488,9.613942,2.8663968073,3.5508960000000003,2.646749106,-0.7086612657151555,-49604.35832415576,0.0,,,,,,,-1.8202525632580944,3.400609335135357,6
009-CDK2,3RJC,-7.61,-21.49,-26.27,3.31,0.0,1.48,-7.084276810074,-7.084166454276,-0.0692492564473249,-7.356229301551412,-14.533585162367388,7.177355860815975,4.504115,1.3429018872499998,1.6407280000000002,1.222957633,-0.261908680442993,-38418.06749088815,0.0,,,,,,,0.4528151623673881,1.2014362213064338,4
009-CDK2,3RK5,-7.82,-16.57,-21.95,3.91,0.0,1.48,-8.725712615667,-8.723667984592,-1.283024401242156,-149.06703615414747,-155.14271135170503,6.075675197557558,2.821762,0.8413083402999999,1.6391072000000002,1.2217495292,-0.0231589550851479,-42276.73008793237,-1.0,,,,,,,0.6180813517050296,0.999424663796418,5
009-CDK2,3RK7,-9.61,-25.05,-30.98,4.56,0.0,1.37,-7.788236334108,-7.788197942313,-0.0240911968886432,-9.503625178552037,-9.539633393365614,0.0360082148135774,2.924039,0.8718022278499999,2.2378968,1.6680723272999998,-0.0246591822666615,-41999.29584254333,0.0,,,,,,,0.1276573933656148,1.6219099883567942,5
009-CDK2,3RK9,-9.04,-25.64,-32.21,4.06,0.0,2.51,-6.083130452918,-6.080614964732,-1.5784914761086064,9.936283283493946,4.809150219396281,5.127133064097665,6.529988,1.9469159222,1.8868044,1.40637682965,-0.0019478895909953,-32555.30707618836,0.0,,,,,,,0.6521687806037182,1.3066586754091762,4
009-CDK2,3RKB,-9.23,-25.73,-30.73,3.55,0.0,1.45,-7.219527839519,-7.217222103097,-1.4468703564331074,2.03419699241599,-3.4143050236780894,5.448502016094079,5.747045,1.7134814667499998,1.8551312,1.3827684181999995,-0.0270222995832757,-37880.52125678508,0.0,,,,,,,0.6226470236780894,0.7906282439832397,4
009-CDK2,3RMF,-6.02,-19.59,-29.44,8.25,0.0,1.61,-9.356035200031,-9.35605404774,0.0118271070272728,-40.12347220457682,-40.91588314891816,0.7924109443413343,7.189198,2.1434593837,2.7660188000000003,2.06172126305,-0.2691812066668979,-51085.5747117432,0.0,,,,,,,-0.0463868510818414,4.662456911344897,5
009-CDK2,3RNI,-7.52,-17.24,-23.82,4.98,0.0,1.61,-7.967238335158,-7.961059164369,-3.877485282634733,-53.087384280995714,-53.24246769498488,0.1550834139891606,2.123929,0.6332494313499999,3.00464,2.2395835399999995,-0.5811913690644751,-45063.50342729224,0.0,,,,,,,2.327334694984877,1.828484158423997,5
009-CDK2,3RPV,-10.24,-27.4,-34.36,5.44,0.0,1.52,-8.329477284351,-8.328899163336,-0.3627761400014883,-58.26155102060007,-57.79841533453749,-0.4631356860625857,6.569488,1.9586928472,3.0089988000000005,2.24283248055,-0.3066924534690596,-47224.423026752855,0.0,,,,,,,-1.413002665462514,1.850639543525709,5
009-CDK2,3RPY,-7.71,-20.48,-26.67,4.78,0.0,1.41,-6.133171006496,-6.133233686179,0.0393320651998558,-86.66490524243606,-87.77920410025683,1.1142988578207706,4.966156,1.4806594113999998,2.0019216,1.4921823126,-0.4416828572244954,-37892.87495466222,0.0,,,,,,,-1.08061789974316,1.534016814577711,4
009-CDK2,3S00,-7.17,-20.74,-26.91,3.91,0.0,2.25,-5.300457332534,-5.29553648577,-3.087875632031195,27.68191992220016,26.32864410059005,1.3532758216101044,3.81453,1.1373021195,2.1294720000000003,1.587255192,-0.2582012022778881,-32962.427612522704,0.0,,,,,,,1.6763308994099475,1.176609478930697,5
009-CDK2,3S0O,-6.57,-17.73,-25.9,6.59,0.0,1.57,-5.959401839506,-5.959357182925,-0.0280224064868348,36.26621999498401,31.01870571628169,5.247514278702319,4.784651,1.42654369565,1.8857608,1.4055989562999998,-0.1948785876079799,-31890.02760440548,0.0,,,,,,,4.609305283718307,3.163688271664768,5
009-CDK2,3S1H,-6.96,-19.27,-27.29,5.62,0.0,2.4,-8.548692674236,-8.548690964976,-0.0010725760329109,-89.35605061063106,-94.80650324670523,5.450452636074189,6.641021,1.98002041115,2.9156484000000003,2.17325142615,-0.2891113951465409,-49604.4246734534,0.0,,,,,,,-0.4397457532947584,2.2557758417568152,6
009-CDK2,3SQQ,-7.71,-24.93,-34.83,7.65,0.0,2.25,-8.417099729776,-8.41711467456,0.0093779864633998,-59.59758538606392,-60.77634336596765,1.1787579799037289,5.585418,1.6652923767,2.8373928,2.1149216583,-0.2925603195224752,-47053.2934077151,0.0,,,,,,,-0.4984416340323534,4.387469594020409,5
010-MMP12,3EHX,-10.38,-26.02,-51.05,12.92,9.32,2.79,-8.291552318628,-8.282728316023,-5.537141050660627,-151.77447564601576,-152.38205242011338,0.6075767740976232,14.109321,4.20669405615,,,-8.720193743172992,-45010.57243154122,0.0,,,,,,,-1.197799579886606,8.328511116745716,7
010-MMP12,3EHY,-7.99,-15.6,-38.78,7.25,13.35,2.58,-5.339420121987,-5.338730316966,-0.4328588589224246,-206.2545249574628,-208.39516405395815,2.140639096495363,11.972256,3.5695281263999994,3.1173520000000003,2.323596247,-4.525268605203003,-34247.744247497896,0.0,,,,,,,0.7180380539581961,4.248542221442364,5
010-MMP12,3F15,-11.06,-28.42,-39.16,8.34,0.0,2.4,-6.831139963319,-6.815195650691,-10.005199672883723,-274.56370554387826,-269.8049067511352,-4.75879879274305,10.743123,3.20306212245,,,-2.986760451368558,-45448.57464281491,0.0,,,,,,,1.6398677511352275,3.373582868860126,9
010-MMP12,3F16,-11.24,-29.34,-39.06,7.53,0.0,2.19,-5.794918111515,-5.788061654082,-4.302488747324332,-218.7133189487869,-215.07231792414123,-3.641001024645704,9.616561,2.86717766215,4.2552332,3.17174444645,-2.6540606238390763,-38919.890259264896,0.0,,,,,,,-2.9268210758587827,2.617368868927457,7
010-MMP12,3F17,-11.78,-37.15,-46.3,7.58,0.0,1.56,-6.808261407421,-6.808463768564,0.1269834384826382,-104.85927192855556,-103.48608350487764,-1.3731884236779166,11.013171,3.28357693365,3.2879232000000003,2.4507357552,-0.320710334357382,-39182.97449091672,0.0,,,,,,,-0.6583574951223596,2.566821594708941,6
010-MMP12,3F18,-10.11,-32.71,-42.5,8.25,0.0,1.54,-5.612325149375,-5.605902342692,-4.030368998842713,-223.41750345695837,-221.34984033396307,-2.0676631229952704,11.006928,3.2817155832,4.1211648,3.0718132127999995,-2.242695597260685,-39019.86014091461,0.0,,,,,,,-2.394919666036941,3.3643463934688214,7
010-MMP12,3F19,-9.81,-32.67,-38.31,4.19,0.0,1.45,-4.574826244328,-4.570440991226,-2.7517857887834043,-174.24452239705388,-171.99501605728028,-2.2495063397736037,10.766822,3.2101279792999997,2.6826104,1.9995507269,0.003777835730677,-32492.433904502857,0.0,,,,,,,-0.3684659427197232,0.1560149273972797,5
010-MMP12,3F1A,-9.85,-32.33,-39.07,5.28,0.0,1.45,-4.616218753601,-4.614578919168,-1.029010865217382,-124.74797723184844,-124.11532553138282,-0.6326517004656296,11.240206,3.3512674189,2.8097496,2.0943171080999994,-2.7853274073796443,-29839.8069909065,0.0,,,,,,,0.0798405313828283,1.455726406055902,5
010-MMP12,3LK8,-10.52,-32.46,-39.54,4.87,0.0,2.21,-5.201363375632,-5.201268866045,-0.0593056164287635,-168.08055731442914,-166.6168961125382,-1.4636612018909432,11.801918,3.5187418517,3.512386,2.61804471475,-0.1215395393731618,-34380.37150617931,0.0,,,,,,,-0.963049887461807,0.6670133453987432,6
010-MMP12,3N2U,-10.71,-21.46,-44.42,20.34,0.0,2.61,-9.464450153647,-9.441007880463,-14.710237403419246,-453.6825471237416,-456.3825734050435,2.700026281301916,7.485823,2.23189812745,,,-5.319541556938305,-64956.30488806606,0.0,,,,,,,13.761901405043488,12.51780356446983,11
010-MMP12,3N2V,-10.25,-35.75,-47.27,9.9,0.0,1.63,-7.838021570947,-7.83367436987,-2.727907800627497,-154.3446723637747,-153.68230477185057,-0.6623675919241236,11.748191,3.50272314665,,,-0.786442463964869,-45710.15235985738,0.0,,,,,,,-0.3466802281494381,4.411814102323092,8
010-MMP12,3NX7,-11.09,-33.04,-41.28,5.96,0.0,2.27,-6.234766592425,-6.225708906533,-5.683779416403279,-218.38576652188647,-219.1411378830918,0.7553713612053343,12.57028,3.747828982,5.113706400000001,3.8116289079,-0.247463762740718,-40907.69493496843,0.0,,,,,,,1.8566808830917976,2.064967629474239,8
010-MMP12,3RTS,-10.43,-26.75,-35.42,7.01,0.0,1.66,-5.536792724603,-5.535286888419,-0.9449257579857384,-133.86259286320447,-135.4684353962824,1.605842533077919,10.26535,3.0606141025,4.0894412,3.04816723445,-4.780903466981022,-33814.75991828432,0.0,,,,,,,0.0560153962823903,2.998675254334586,7
010-MMP12,3RTT,-10.64,-29.18,-38.41,7.45,0.0,1.78,-6.689231247127,-6.685831138917,-2.1335985027489786,-140.11871657490735,-138.85569840837903,-1.263018166528326,10.998471,3.27919412865,3.0897836000000005,2.3030474508500003,-3.6375065583100343,-39144.5962686986,0.0,,,,,,,2.6503214083790283,3.535019446166956,6
010-MMP12,4GUY,-10.92,-28.18,-37.14,6.57,0.0,2.39,-6.12420963613,-6.118649464734,-3.4890575925323284,-173.20719805443142,-175.0104913001794,1.8032932457479944,12.613348,3.7606697062,4.8925716,3.64680055635,-4.145927772525928,-38355.53792030227,0.0,,,,,,,-1.0987936998205896,2.35117791517348,8
010-MMP12,5LAB,-11.42,-32.45,-41.31,5.59,0.0,3.27,-7.000611025704,-6.997837796961,-1.740225995291194,-174.01442830426905,-171.18914973467287,-2.825278569596179,12.993622,3.8740483993,4.8069432,3.5829752877,-2.109417807390444,-42330.77043711372,0.0,,,,,,,-3.952595265327119,1.6289704362269504,8
010-MMP12,6RD0,-6.49,-9.9,-16.64,5.01,0.0,1.73,-7.96944724284,-7.962436852787,-4.399082851767889,-92.54502799426346,-86.84823413424762,-5.696793860015845,10.33621,3.0817410115,2.6823256000000004,1.9993384441,-2.9197916071846306,-41490.07003617557,0.0,,,,,,,-5.76915086575238,2.5602797640199384,6
010-MMP12,6RLY,-6.5,2.32,-9.0,9.49,0.0,1.83,-9.143317751066,-9.134307581051,-5.653962775942243,-85.49126710255581,-81.1099572879407,-4.381309814615108,9.296831,2.77185016265,,,-5.466318466624651,-45975.56647280719,0.0,,,,,,,-4.0611907120593,5.212085184292235,7
